<application>
  <component name="FileTypeManager" version="17">
    <ignoreFiles list="*$py.class;*.hprof;*.pyc;*.pyo;*.rbc;*.yarb;*~;.DS_Store;.git;.hg;.svn;CVS;__pycache__;_svn;vssver.scc;vssver2.scc;" />
    <extensionMap>
      <mapping pattern="demo.txt" type="IgnoreLang file" />
      <mapping pattern="queries" type="PLAIN_TEXT" />
      <mapping pattern="demo" type="PLAIN_TEXT" />
      <mapping pattern="dummy" type="PLAIN_TEXT" />
      <mapping pattern="csv" type="PLAIN_TEXT" />
      <mapping pattern="reports" type="PLAIN_TEXT" />
      <mapping ext="pickle" type="PLAIN_TEXT" />
      <mapping ext="example" type="PLAIN_TEXT" />
    </extensionMap>
  </component>
</application>