<profile version="1.0">
  <option name="myName" value="Default" />
  <inspection_tool class="PyChainedComparisonsInspection" enabled="true" level="WEAK WARNING" enabled_by_default="true">
    <option name="ignoreConstantInTheMiddle" value="true" />
  </inspection_tool>
  <inspection_tool class="PyPackageRequirementsInspection" enabled="true" level="WARNING" enabled_by_default="true">
    <option name="ignoredPackages">
      <value>
        <list size="13">
          <item index="0" class="java.lang.String" itemvalue="django-admin-select2" />
          <item index="1" class="java.lang.String" itemvalue="elasticsearch" />
          <item index="2" class="java.lang.String" itemvalue="psycopg2-binary" />
          <item index="3" class="java.lang.String" itemvalue="weasyprint" />
          <item index="4" class="java.lang.String" itemvalue="pika" />
          <item index="5" class="java.lang.String" itemvalue="flower" />
          <item index="6" class="java.lang.String" itemvalue="python-barcode" />
          <item index="7" class="java.lang.String" itemvalue="urllib3" />
          <item index="8" class="java.lang.String" itemvalue="Django" />
          <item index="9" class="java.lang.String" itemvalue="requests" />
          <item index="10" class="java.lang.String" itemvalue="djangorestframework" />
          <item index="11" class="java.lang.String" itemvalue="idna" />
          <item index="12" class="java.lang.String" itemvalue="sqlparse" />
        </list>
      </value>
    </option>
  </inspection_tool>
  <inspection_tool class="PyShadowingBuiltinsInspection" enabled="true" level="WEAK WARNING" enabled_by_default="true">
    <option name="ignoredNames">
      <list>
        <option value="format" />
      </list>
    </option>
  </inspection_tool>
  <inspection_tool class="PyUnresolvedReferencesInspection" enabled="true" level="WARNING" enabled_by_default="true">
    <option name="ignoredIdentifiers">
      <list>
        <option value="property.setter" />
      </list>
    </option>
  </inspection_tool>
</profile>